bank,index,slot_address,handler_pointer,code_address,state
7,0x000,0x0211C9C8,0x0210229C,0x0210229C,arm
7,0x001,0x0211C9CC,0x021022D4,0x021022D4,arm
7,0x002,0x0211C9D0,0x021022F0,0x021022F0,arm
7,0x003,0x0211C9D4,0x0210230C,0x0210230C,arm
7,0x004,0x0211C9D8,0x02102334,0x02102334,arm
7,0x005,0x0211C9DC,0x02102370,0x02102370,arm
7,0x006,0x0211C9E0,0x021023A4,0x021023A4,arm
7,0x007,0x0211C9E4,0x021023C8,0x021023C8,arm
7,0x008,0x0211C9E8,0x02102428,0x02102428,arm
7,0x009,0x0211C9EC,0x021024F0,0x021024F0,arm
7,0x00A,0x0211C9F0,0x02102524,0x02102524,arm
7,0x00B,0x0211C9F4,0x02102548,0x02102548,arm
7,0x00C,0x0211C9F8,0x02102570,0x02102570,arm
7,0x00D,0x0211C9FC,0x02102598,0x02102598,arm
7,0x00E,0x0211CA00,0x021025FC,0x021025FC,arm
7,0x00F,0x0211CA04,0x02102668,0x02102668,arm
7,0x010,0x0211CA08,0x021026BC,0x021026BC,arm
7,0x011,0x0211CA0C,0x021026D8,0x021026D8,arm
7,0x012,0x0211CA10,0x021026F8,0x021026F8,arm
7,0x013,0x0211CA14,0x02102758,0x02102758,arm
7,0x014,0x0211CA18,0x02102794,0x02102794,arm
7,0x015,0x0211CA1C,0x021027BC,0x021027BC,arm
7,0x016,0x0211CA20,0x021027E4,0x021027E4,arm
7,0x017,0x0211CA24,0x02102814,0x02102814,arm
7,0x018,0x0211CA28,0x02102850,0x02102850,arm
7,0x019,0x0211CA2C,0x0210287C,0x0210287C,arm
7,0x01A,0x0211CA30,0x021028A4,0x021028A4,arm
7,0x01B,0x0211CA34,0x021028CC,0x021028CC,arm
7,0x01C,0x0211CA38,0x021028F4,0x021028F4,arm
7,0x01D,0x0211CA3C,0x0210291C,0x0210291C,arm
7,0x01E,0x0211CA40,0x02102998,0x02102998,arm
7,0x01F,0x0211CA44,0x02102AFC,0x02102AFC,arm
7,0x020,0x0211CA48,0x02102B18,0x02102B18,arm
7,0x021,0x0211CA4C,0x02102B2C,0x02102B2C,arm
7,0x022,0x0211CA50,0x02102B44,0x02102B44,arm
7,0x023,0x0211CA54,0x02102B60,0x02102B60,arm
7,0x024,0x0211CA58,0x02102B7C,0x02102B7C,arm
7,0x025,0x0211CA5C,0x02102BEC,0x02102BEC,arm
7,0x026,0x0211CA60,0x02102C24,0x02102C24,arm
7,0x027,0x0211CA64,0x02102C3C,0x02102C3C,arm
7,0x028,0x0211CA68,0x02102C5C,0x02102C5C,arm
7,0x029,0x0211CA6C,0x02102C7C,0x02102C7C,arm
7,0x02A,0x0211CA70,0x02102C9C,0x02102C9C,arm
7,0x02B,0x0211CA74,0x02102CBC,0x02102CBC,arm
7,0x02C,0x0211CA78,0x02102CDC,0x02102CDC,arm
7,0x02D,0x0211CA7C,0x02102CFC,0x02102CFC,arm
7,0x02E,0x0211CA80,0x02102D28,0x02102D28,arm
7,0x02F,0x0211CA84,0x02102D48,0x02102D48,arm
7,0x030,0x0211CA88,0x021029C4,0x021029C4,arm
7,0x031,0x0211CA8C,0x021029F0,0x021029F0,arm
7,0x032,0x0211CA90,0x02102A88,0x02102A88,arm
7,0x033,0x0211CA94,0x02102DAC,0x02102DAC,arm
7,0x034,0x0211CA98,0x02102DCC,0x02102DCC,arm
7,0x035,0x0211CA9C,0x02102E28,0x02102E28,arm
7,0x036,0x0211CAA0,0x02102E44,0x02102E44,arm
7,0x037,0x0211CAA4,0x02102E78,0x02102E78,arm
7,0x038,0x0211CAA8,0x02102E98,0x02102E98,arm
7,0x039,0x0211CAAC,0x02102EB0,0x02102EB0,arm
7,0x03A,0x0211CAB0,0x02102ED0,0x02102ED0,arm
7,0x03B,0x0211CAB4,0x02102F1C,0x02102F1C,arm
7,0x03C,0x0211CAB8,0x02102F64,0x02102F64,arm
7,0x03D,0x0211CABC,0x02102F88,0x02102F88,arm
7,0x03E,0x0211CAC0,0x02102FE0,0x02102FE0,arm
7,0x03F,0x0211CAC4,0x02103068,0x02103068,arm
7,0x040,0x0211CAC8,0x021030CC,0x021030CC,arm
7,0x041,0x0211CACC,0x02103138,0x02103138,arm
7,0x042,0x0211CAD0,0x02103158,0x02103158,arm
7,0x043,0x0211CAD4,0x02103188,0x02103188,arm
7,0x044,0x0211CAD8,0x021031A8,0x021031A8,arm
7,0x045,0x0211CADC,0x0210329C,0x0210329C,arm
7,0x046,0x0211CAE0,0x021032EC,0x021032EC,arm
7,0x047,0x0211CAE4,0x0210333C,0x0210333C,arm
7,0x048,0x0211CAE8,0x02103380,0x02103380,arm
7,0x049,0x0211CAEC,0x021033C4,0x021033C4,arm
7,0x04A,0x0211CAF0,0x02103404,0x02103404,arm
7,0x04B,0x0211CAF4,0x02103460,0x02103460,arm
7,0x04C,0x0211CAF8,0x02103488,0x02103488,arm
7,0x04D,0x0211CAFC,0x021034A0,0x021034A0,arm
7,0x04E,0x0211CB00,0x021034C8,0x021034C8,arm
7,0x04F,0x0211CB04,0x02103538,0x02103538,arm
7,0x050,0x0211CB08,0x02103560,0x02103560,arm
7,0x051,0x0211CB0C,0x02103584,0x02103584,arm
7,0x052,0x0211CB10,0x021035A8,0x021035A8,arm
7,0x053,0x0211CB14,0x021035D8,0x021035D8,arm
7,0x054,0x0211CB18,0x0210360C,0x0210360C,arm
7,0x055,0x0211CB1C,0x02103694,0x02103694,arm
7,0x056,0x0211CB20,0x021036BC,0x021036BC,arm
7,0x057,0x0211CB24,0x021036DC,0x021036DC,arm
7,0x058,0x0211CB28,0x02103708,0x02103708,arm
7,0x059,0x0211CB2C,0x02103730,0x02103730,arm
7,0x05A,0x0211CB30,0x02103758,0x02103758,arm
7,0x05B,0x0211CB34,0x02103800,0x02103800,arm
7,0x05C,0x0211CB38,0x02103828,0x02103828,arm
7,0x05D,0x0211CB3C,0x02103860,0x02103860,arm
7,0x05E,0x0211CB40,0x02103884,0x02103884,arm
7,0x05F,0x0211CB44,0x021038B4,0x021038B4,arm
7,0x060,0x0211CB48,0x021038D4,0x021038D4,arm
7,0x061,0x0211CB4C,0x021038F8,0x021038F8,arm
7,0x062,0x0211CB50,0x02103974,0x02103974,arm
7,0x063,0x0211CB54,0x021039A0,0x021039A0,arm
7,0x064,0x0211CB58,0x021039D0,0x021039D0,arm
7,0x065,0x0211CB5C,0x02103A1C,0x02103A1C,arm
7,0x066,0x0211CB60,0x02103A48,0x02103A48,arm
7,0x067,0x0211CB64,0x02103A68,0x02103A68,arm
7,0x068,0x0211CB68,0x02103A8C,0x02103A8C,arm
7,0x069,0x0211CB6C,0x02103AC0,0x02103AC0,arm
7,0x06A,0x0211CB70,0x02103AE4,0x02103AE4,arm
7,0x06B,0x0211CB74,0x02103B08,0x02103B08,arm
7,0x06C,0x0211CB78,0x02103B40,0x02103B40,arm
7,0x06D,0x0211CB7C,0x02103B68,0x02103B68,arm
7,0x06E,0x0211CB80,0x02103B8C,0x02103B8C,arm
7,0x06F,0x0211CB84,0x02103BC4,0x02103BC4,arm
7,0x070,0x0211CB88,0x02103BE8,0x02103BE8,arm
7,0x071,0x0211CB8C,0x02103C0C,0x02103C0C,arm
7,0x072,0x0211CB90,0x02103C38,0x02103C38,arm
7,0x073,0x0211CB94,0x02103CB4,0x02103CB4,arm
7,0x074,0x0211CB98,0x02103D10,0x02103D10,arm
7,0x075,0x0211CB9C,0x02103D40,0x02103D40,arm
7,0x076,0x0211CBA0,0x02103D64,0x02103D64,arm
7,0x077,0x0211CBA4,0x02103E28,0x02103E28,arm
7,0x078,0x0211CBA8,0x02103E84,0x02103E84,arm
7,0x079,0x0211CBAC,0x02103ED0,0x02103ED0,arm
7,0x07A,0x0211CBB0,0x02103F30,0x02103F30,arm
7,0x07B,0x0211CBB4,0x02103F94,0x02103F94,arm
7,0x07C,0x0211CBB8,0x02103FB4,0x02103FB4,arm
7,0x07D,0x0211CBBC,0x02103FD4,0x02103FD4,arm
7,0x07E,0x0211CBC0,0x0210402C,0x0210402C,arm
7,0x07F,0x0211CBC4,0x02104084,0x02104084,arm
7,0x080,0x0211CBC8,0x021040D8,0x021040D8,arm
7,0x081,0x0211CBCC,0x021040F8,0x021040F8,arm
7,0x082,0x0211CBD0,0x02104128,0x02104128,arm
7,0x083,0x0211CBD4,0x0210414C,0x0210414C,arm
7,0x084,0x0211CBD8,0x021041A0,0x021041A0,arm
7,0x085,0x0211CBDC,0x021041F8,0x021041F8,arm
7,0x086,0x0211CBE0,0x02104284,0x02104284,arm
7,0x087,0x0211CBE4,0x02104340,0x02104340,arm
7,0x088,0x0211CBE8,0x02104418,0x02104418,arm
7,0x089,0x0211CBEC,0x02104480,0x02104480,arm
7,0x08A,0x0211CBF0,0x021044A0,0x021044A0,arm
7,0x08B,0x0211CBF4,0x021044EC,0x021044EC,arm
7,0x08C,0x0211CBF8,0x02104514,0x02104514,arm
7,0x08D,0x0211CBFC,0x0210453C,0x0210453C,arm
7,0x08E,0x0211CC00,0x02104578,0x02104578,arm
7,0x08F,0x0211CC04,0x021045A0,0x021045A0,arm
7,0x090,0x0211CC08,0x021045F0,0x021045F0,arm
7,0x091,0x0211CC0C,0x0210464C,0x0210464C,arm
7,0x092,0x0211CC10,0x02104698,0x02104698,arm
7,0x093,0x0211CC14,0x021046B8,0x021046B8,arm
7,0x094,0x0211CC18,0x021046E8,0x021046E8,arm
7,0x095,0x0211CC1C,0x0210472C,0x0210472C,arm
7,0x096,0x0211CC20,0x02104758,0x02104758,arm
7,0x097,0x0211CC24,0x0210477C,0x0210477C,arm
7,0x098,0x0211CC28,0x0210479C,0x0210479C,arm
7,0x099,0x0211CC2C,0x021047BC,0x021047BC,arm
7,0x09A,0x0211CC30,0x021047E0,0x021047E0,arm
7,0x09B,0x0211CC34,0x02104800,0x02104800,arm
7,0x09C,0x0211CC38,0x02104824,0x02104824,arm
7,0x09D,0x0211CC3C,0x02104840,0x02104840,arm
7,0x09E,0x0211CC40,0x02104884,0x02104884,arm
7,0x09F,0x0211CC44,0x021048C8,0x021048C8,arm
7,0x0A0,0x0211CC48,0x0210490C,0x0210490C,arm
7,0x0A1,0x0211CC4C,0x0210492C,0x0210492C,arm
7,0x0A2,0x0211CC50,0x02104950,0x02104950,arm
7,0x0A3,0x0211CC54,0x02104980,0x02104980,arm
7,0x0A4,0x0211CC58,0x02104994,0x02104994,arm
7,0x0A5,0x0211CC5C,0x021049B4,0x021049B4,arm
7,0x0A6,0x0211CC60,0x021049D4,0x021049D4,arm
7,0x0A7,0x0211CC64,0x021049FC,0x021049FC,arm
7,0x0A8,0x0211CC68,0x02104A24,0x02104A24,arm
7,0x0A9,0x0211CC6C,0x02104A44,0x02104A44,arm
7,0x0AA,0x0211CC70,0x02104AF0,0x02104AF0,arm
7,0x0AB,0x0211CC74,0x02104B24,0x02104B24,arm
7,0x0AC,0x0211CC78,0x02104B60,0x02104B60,arm
7,0x0AD,0x0211CC7C,0x02104BA8,0x02104BA8,arm
7,0x0AE,0x0211CC80,0x02104BF0,0x02104BF0,arm
7,0x0AF,0x0211CC84,0x02104C68,0x02104C68,arm
7,0x0B0,0x0211CC88,0x02104CC8,0x02104CC8,arm
7,0x0B1,0x0211CC8C,0x02104D0C,0x02104D0C,arm
7,0x0B2,0x0211CC90,0x02104D7C,0x02104D7C,arm
7,0x0B3,0x0211CC94,0x02104DA8,0x02104DA8,arm
7,0x0B4,0x0211CC98,0x02104DD4,0x02104DD4,arm
7,0x0B5,0x0211CC9C,0x02104DEC,0x02104DEC,arm
7,0x0B6,0x0211CCA0,0x02104E24,0x02104E24,arm
7,0x0B7,0x0211CCA4,0x02104E5C,0x02104E5C,arm
7,0x0B8,0x0211CCA8,0x02104E88,0x02104E88,arm
7,0x0B9,0x0211CCAC,0x02104EA4,0x02104EA4,arm
7,0x0BA,0x0211CCB0,0x02104EC0,0x02104EC0,arm
7,0x0BB,0x0211CCB4,0x02104EDC,0x02104EDC,arm
7,0x0BC,0x0211CCB8,0x02104EF4,0x02104EF4,arm
7,0x0BD,0x0211CCBC,0x02104F10,0x02104F10,arm
7,0x0BE,0x0211CCC0,0x02104F2C,0x02104F2C,arm
7,0x0BF,0x0211CCC4,0x02104F48,0x02104F48,arm
7,0x0C0,0x0211CCC8,0x02104F64,0x02104F64,arm
7,0x0C1,0x0211CCCC,0x02104F80,0x02104F80,arm
7,0x0C2,0x0211CCD0,0x02104F9C,0x02104F9C,arm
7,0x0C3,0x0211CCD4,0x02104FBC,0x02104FBC,arm
7,0x0C4,0x0211CCD8,0x02104FD8,0x02104FD8,arm
7,0x0C5,0x0211CCDC,0x02104FF4,0x02104FF4,arm
7,0x0C6,0x0211CCE0,0x02105030,0x02105030,arm
7,0x0C7,0x0211CCE4,0x02105070,0x02105070,arm
7,0x0C8,0x0211CCE8,0x021050B0,0x021050B0,arm
7,0x0C9,0x0211CCEC,0x02105110,0x02105110,arm
7,0x0CA,0x0211CCF0,0x02105124,0x02105124,arm
7,0x0CB,0x0211CCF4,0x0210513C,0x0210513C,arm
7,0x0CC,0x0211CCF8,0x0210516C,0x0210516C,arm
7,0x0CD,0x0211CCFC,0x02105188,0x02105188,arm
7,0x0CE,0x0211CD00,0x021051A0,0x021051A0,arm
7,0x0CF,0x0211CD04,0x021051B8,0x021051B8,arm
7,0x0D0,0x0211CD08,0x021051D4,0x021051D4,arm
7,0x0D1,0x0211CD0C,0x021051EC,0x021051EC,arm
7,0x0D2,0x0211CD10,0x02105208,0x02105208,arm
7,0x0D3,0x0211CD14,0x02105220,0x02105220,arm
7,0x0D4,0x0211CD18,0x02105228,0x02105228,arm
7,0x0D5,0x0211CD1C,0x0210523C,0x0210523C,arm
7,0x0D6,0x0211CD20,0x02105250,0x02105250,arm
7,0x0D7,0x0211CD24,0x02105274,0x02105274,arm
7,0x0D8,0x0211CD28,0x02105298,0x02105298,arm
7,0x0D9,0x0211CD2C,0x021052B4,0x021052B4,arm
7,0x0DA,0x0211CD30,0x021052CC,0x021052CC,arm
7,0x0DB,0x0211CD34,0x021052EC,0x021052EC,arm
7,0x0DC,0x0211CD38,0x02105304,0x02105304,arm
7,0x0DD,0x0211CD3C,0x02105324,0x02105324,arm
7,0x0DE,0x0211CD40,0x0210533C,0x0210533C,arm
7,0x0DF,0x0211CD44,0x0210535C,0x0210535C,arm
7,0x0E0,0x0211CD48,0x02105384,0x02105384,arm
7,0x0E1,0x0211CD4C,0x021053B0,0x021053B0,arm
7,0x0E2,0x0211CD50,0x021053D0,0x021053D0,arm
7,0x0E3,0x0211CD54,0x021053F8,0x021053F8,arm
7,0x0E4,0x0211CD58,0x02105410,0x02105410,arm
7,0x0E5,0x0211CD5C,0x0210542C,0x0210542C,arm
7,0x0E6,0x0211CD60,0x02105448,0x02105448,arm
7,0x0E7,0x0211CD64,0x021054A8,0x021054A8,arm
7,0x0E8,0x0211CD68,0x021054C0,0x021054C0,arm
7,0x0E9,0x0211CD6C,0x021054E0,0x021054E0,arm
7,0x0EA,0x0211CD70,0x02105514,0x02105514,arm
7,0x0EB,0x0211CD74,0x02105534,0x02105534,arm
7,0x0EC,0x0211CD78,0x0210553C,0x0210553C,arm
7,0x0ED,0x0211CD7C,0x02105588,0x02105588,arm
7,0x0EE,0x0211CD80,0x0210561C,0x0210561C,arm
7,0x0EF,0x0211CD84,0x02105644,0x02105644,arm
