script,acf_offset,rom_offset,launch_offset,score,confidence,setup,setup_args,1c35_args,1c36_args,poll_loop
1300,0xF844C,,0xFC0,100,complete,0x1C54,"8, 0xD, 0","2, 0",0x538,1
1301,0xF9094,,0xAE8,98,complete,0x1C12,"0x63, 0, 3, 0x94, 0x80","0xD, 1",?,1
1301,0xF9094,,0x1648,98,complete,0x1C12,"0xE, 0, 3, 0x40, 0x80","0xD, 1",?,1
1301,0xF9094,,0x1DE0,95,complete,0x1C54,"0xF, 9, 0","4, 2",?,1
1302,0xFA1E4,,0xF08,98,complete,0x1C12,"0xD2, 0, 3, 0x60, 0x50","0xD, 1",?,1
1304,0xFA860,,0xFE0,98,complete,0x1C12,"0x12E, 0, 3, 0x80, 0x80","0xD, 1",?,1
1304,0xFA860,,0x1948,98,complete,0x1C12,"0x10, 0, 3, 0x40, 0x50","0xD, 1",?,1
1305,0xFB6E0,,0xD38,95,complete,0x1C54,"3, 0xFB, 0","0xA, 6",?,1
1311,0xFD598,,0xCF0,98,complete,0x1C12,"0x10D, 0, 3, 0x80, 0x80","2, 7",?,1
1311,0xFD598,,0x12F4,98,complete,0x1C12,"0xA4, 0, 3, 0x60, 0x80","2, 7",?,1
1315,0xFE688,,0xA3C,95,complete,0x1C54,"2, 0x68, 0","7, 4",?,1
1317,0xFEEB8,,0x37C,95,complete,0x1C54,"0, 0x163, 0","1, 0",?,1
1318,0xFF1A4,,0x82C,98,complete,0x1C12,"0x12E, 0, 3, 0xA0, 0x60","0xD, 1",?,1
1320,0xFFD20,,0x1360,95,complete,0x1C54,"6, 0x179, 0","0xB, 6",?,1
1326,0x101954,,0x8EC,95,complete,0x1C54,"3, 0x1A9, 0","0xA, 6",?,1
1327,0x101D98,,0x23C,95,complete,0x1C54,"0, 0x193, 0","1, 2",?,1
1328,0x101F38,,0x754,95,complete,0x1C54,"3, 0x1A9, 0","0xA, 6",?,1
1329,0x1022EC,,0x754,95,complete,0x1C54,"3, 0x1A8, 0","0xA, 6",?,1
1330,0x10269C,,0x208,95,complete,0x1C54,"0, 0x1A0, 0","1, 4",?,1
1331,0x102840,,0x2BF8,90,high,0x1C12,"0xE, 0, 0, 0xB0, 0x80",?,0x537,1
