cluster_key,count,total_bytes,min_size,max_size,example_indices,example_headers
unknown:2000:mod4=1,527,1247599,45,59809,0005 0006 0018 0020 0022 0023 0033 0035 0036 0038 0050 0052,20000000240000002400000024000000 20000000240000002400000024000000 200000003c8300000884000008840000 20000000d43700004038000040380000
unknown:434f:mod4=0,493,1089092,1080,8008,6848 6849 6850 6851 6852 6853 6854 6855 6856 6857 6858 6859,434f4c4cb00f000005000000d8000000 434f4c4ce80f000005000000db000000 434f4c4ca00500000500000018000000 434f4c4cbc070000050000003c000000
unknown:2000:mod4=0,458,1539668,40,59908,0003 0004 0010 0014 0016 0019 0021 0024 0025 0026 0027 0028,20000000240000002400000024000000 20000000240000002400000024000000 20000000240000003000000030000000 200000005c1f00000420000004200000
unknown:2000:mod4=2,389,1906078,42,52546,0007 0008 0009 0011 0013 0015 0037 0040 0057 0073 0088 0100,20000000b4010000c0010000c0010000 20000000500300007403000074030000 200000005c0600008006000080060000 20000000141c0000b01c0000b01c0000
unknown:2000:mod4=3,322,1357602,43,91547,0001 0002 0012 0017 0029 0032 0042 0044 0046 0058 0064 0071,200000006c0000007800000078000000 20000000240000002400000024000000 20000000543700002038000020380000 20000000103f0000b83f0000b83f0000
unknown:4554:mod4=0,257,1007024,80,22416,8227 8228 8701 8702 8703 8704 8705 8706 8707 8708 8709 8710,45544454200000000800000000000000 45544454200000000a00000000000000 45544454200000000600000000000000 45544454200000000600000000000000
unknown:4d44:mod4=0,94,47172,8,3260,4949 4950 4951 4952 4953 4954 4955 4956 4957 4958 4959 4960,4d44415400000000 4d44415400000000 4d444154040000004e43455224000000 4d444154040000004e43455224000000
unknown:454c:mod4=0,61,1952,32,32,8602 8604 8608 8609 8612 8614 8615 8618 8619 8620 8624 8625,454c4454040000000400000000000000 454c4454040000000400000000000000 454c4454040000000400000000000000 454c4454040000000400000000000000
unknown:4c50:mod4=0,38,3224,80,136,8603 8605 8606 8607 8610 8611 8613 8616 8617 8621 8622 8623,4c504454040000001000000000000000 4c504454040000001000000000000000 4c504454040000001000000000000000 4c504454040000001000000000000000
unknown:4350:mod4=0,19,86384,1376,61616,6846 8956 8957 8958 8959 8960 8961 8962 8963 8964 8965 8966,43504f4b500000000203000000000000 4350445408000000aa00000000000000 4350445408000000aa00000000000000 4350445408000000aa00000000000000
unknown:d402:mod4=0,12,11232,936,936,2508 2509 2510 2511 2512 2513 2514 2515 2516 2517 2518 2519,d4024e39c8c882075d3b4c6a397d41ee d4024e39c8c882075d3b4c6a397d41ee d4024e39c8c882075d3b4c6a397d41ee d4024e39c8c882075d3b4c6a397d41ee
unknown:a203:mod4=0,6,5616,936,936,2490 2491 2492 2493 2494 2495,a203003887c98306163ae46b607c91ef a203003887c98306163ae46b607c91ef a203003887c98306163ae46b607c91ef a203003887c98306163ae46b607c91ef
unknown:ca02:mod4=0,6,5616,936,936,2520 2521 2522 2523 2524 2525,ca025039c7c88807403b8a6a297d4cee ca025039c7c88807403b8a6a297d4cee ca025039c7c88807403b8a6a297d4cee ca025039c7c88807403b8a6a297d4cee
unknown:d702:mod4=0,6,5616,936,936,2502 2503 2504 2505 2506 2507,d7025439cdc89607473b8a6a277d4fee d7025439cdc89607473b8a6a277d4fee d7025439cdc89607473b8a6a277d4fee d7025439cdc89607473b8a6a277d4fee
unknown:db02:mod4=0,6,5616,936,936,2496 2497 2498 2499 2500 2501,db025139c6c89207493b866a297dc1ee db025139c6c89207493b866a297dc1ee db025139c6c89207493b866a297dc1ee db025139c6c89207493b866a297dc1ee
unknown:5053:mod4=0,4,50388,2648,24600,6642 6643 6644 6645,50534146240000000501000000000000 50534b4c1c0000005e00000000000000 50534b4c1c0000006e03000000000000 50534b4c1c000000eb01000000000000
unknown:4d50:mod4=0,3,58400,816,46864,2482 2488 2489,4d505053800000006e01000000000000 4d50435030000000df00000000000000 4d505053080000006400000000000000
unknown:5a4b:mod4=0,3,16012,4928,6156,2485 2486 2487,5a4b4e44100000003301000000000000 5a4b4e44100000003301000000000000 5a4b4e45140000003401000000000000
unknown:4545:mod4=0,2,256,128,128,8137 8178,45454454080000000e00000000000000 45454454080000000e00000000000000
unknown:4549:mod4=0,2,288,144,144,8483 8484,45494345040000002000000000000000 45494345040000002000000000000000
